,count,mean,std,min,25%,50%,75%,max
P1,105.0,1.618,0.6913885137338319,0.47,1.03,1.57,1.95,3.41
UHH,105.0,75.11933333333334,1.8071238658892943,69.54,74.03,74.87,76.39,77.93
HLS,105.0,13.012666666666668,0.9122354902894262,11.63,12.44,12.89,13.35,15.55
RLS,105.0,8.125047619047619,1.2678495753785406,6.22,7.26,7.79,8.79,11.24
Pengeluaran,105.0,11565.742857142857,1814.0006309290493,8573.0,10277.0,11110.0,12522.0,16650.0
TPT,105.0,5.361428571428571,1.9472398752768318,1.76,4.05,5.03,6.35,9.97
Kepadatan,105.0,2113.942857142857,2413.246292813939,461.0,930.0,1180.0,1846.0,11878.0
